Census Tract,Area Land,Area Water,GEO Identifier,EMPLOYMENT STATUS: Population 16 years and over,EMPLOYMENT STATUS: Population 16 years and over: In labor force: Civilian labor force,INCOME AND BENEFITS (IN 2019 INFLATION-ADJUSTED DOLLARS): Total households,"INCOME AND BENEFITS (IN 2019 INFLATION-ADJUSTED DOLLARS): Total households: Less than $10,000","INCOME AND BENEFITS (IN 2019 INFLATION-ADJUSTED DOLLARS): Total households: $10,000 to $14,999","INCOME AND BENEFITS (IN 2019 INFLATION-ADJUSTED DOLLARS): Total households: $15,000 to $24,999","INCOME AND BENEFITS (IN 2019 INFLATION-ADJUSTED DOLLARS): Total households: $25,000 to $34,999","INCOME AND BENEFITS (IN 2019 INFLATION-ADJUSTED DOLLARS): Total households: $35,000 to $49,999","INCOME AND BENEFITS (IN 2019 INFLATION-ADJUSTED DOLLARS): Total households: $50,000 to $74,999","INCOME AND BENEFITS (IN 2019 INFLATION-ADJUSTED DOLLARS): Total households: $75,000 to $99,999","INCOME AND BENEFITS (IN 2019 INFLATION-ADJUSTED DOLLARS): Total households: $100,000 to $149,999","INCOME AND BENEFITS (IN 2019 INFLATION-ADJUSTED DOLLARS): Total households: $150,000 to $199,999","INCOME AND BENEFITS (IN 2019 INFLATION-ADJUSTED DOLLARS): Total households: $200,000 or more",INCOME AND BENEFITS (IN 2019 INFLATION-ADJUSTED DOLLARS): Total households: Median household income (dollars),INCOME AND BENEFITS (IN 2019 INFLATION-ADJUSTED DOLLARS): Total households: Mean household income (dollars),INCOME AND BENEFITS (IN 2019 INFLATION-ADJUSTED DOLLARS): Total households: With earnings,INCOME AND BENEFITS (IN 2019 INFLATION-ADJUSTED DOLLARS): Total households: With earnings: Mean earnings (dollars),INCOME AND BENEFITS (IN 2019 INFLATION-ADJUSTED DOLLARS): Total households: With Social Security,INCOME AND BENEFITS (IN 2019 INFLATION-ADJUSTED DOLLARS): Total households: With Social Security: Mean Social Security income (dollars),INCOME AND BENEFITS (IN 2019 INFLATION-ADJUSTED DOLLARS): Total households: With retirement income,INCOME AND BENEFITS (IN 2019 INFLATION-ADJUSTED DOLLARS): Total households: With retirement income: Mean retirement income (dollars),INCOME AND BENEFITS (IN 2019 INFLATION-ADJUSTED DOLLARS): Total households: With Supplemental Security Income,INCOME AND BENEFITS (IN 2019 INFLATION-ADJUSTED DOLLARS): Total households: With Supplemental Security Income: Mean Supplemental Security Income (dollars),INCOME AND BENEFITS (IN 2019 INFLATION-ADJUSTED DOLLARS): Total households: With cash public assistance income,INCOME AND BENEFITS (IN 2019 INFLATION-ADJUSTED DOLLARS): Total households: With cash public assistance income: Mean cash public assistance income (dollars),INCOME AND BENEFITS (IN 2019 INFLATION-ADJUSTED DOLLARS): Total households: With Food Stamp/SNAP benefits in the past 12 months,INCOME AND BENEFITS (IN 2019 INFLATION-ADJUSTED DOLLARS): Families,"INCOME AND BENEFITS (IN 2019 INFLATION-ADJUSTED DOLLARS): Families: Less than $10,000","INCOME AND BENEFITS (IN 2019 INFLATION-ADJUSTED DOLLARS): Families: $10,000 to $14,999","INCOME AND BENEFITS (IN 2019 INFLATION-ADJUSTED DOLLARS): Families: $15,000 to $24,999","INCOME AND BENEFITS (IN 2019 INFLATION-ADJUSTED DOLLARS): Families: $25,000 to $34,999","INCOME AND BENEFITS (IN 2019 INFLATION-ADJUSTED DOLLARS): Families: $35,000 to $49,999","INCOME AND BENEFITS (IN 2019 INFLATION-ADJUSTED DOLLARS): Families: $50,000 to $74,999","INCOME AND BENEFITS (IN 2019 INFLATION-ADJUSTED DOLLARS): Families: $75,000 to $99,999","INCOME AND BENEFITS (IN 2019 INFLATION-ADJUSTED DOLLARS): Families: $100,000 to $149,999","INCOME AND BENEFITS (IN 2019 INFLATION-ADJUSTED DOLLARS): Families: $150,000 to $199,999","INCOME AND BENEFITS (IN 2019 INFLATION-ADJUSTED DOLLARS): Families: $200,000 or more",INCOME AND BENEFITS (IN 2019 INFLATION-ADJUSTED DOLLARS): Families: Median family income (dollars),INCOME AND BENEFITS (IN 2019 INFLATION-ADJUSTED DOLLARS): Families: Mean family income (dollars),INCOME AND BENEFITS (IN 2019 INFLATION-ADJUSTED DOLLARS): Per capita income (dollars),INCOME AND BENEFITS (IN 2019 INFLATION-ADJUSTED DOLLARS): Nonfamily households,INCOME AND BENEFITS (IN 2019 INFLATION-ADJUSTED DOLLARS): Nonfamily households: Mean nonfamily income (dollars),INCOME AND BENEFITS (IN 2019 INFLATION-ADJUSTED DOLLARS): Median earnings for workers (dollars),PERCENTAGE OF FAMILIES AND PEOPLE WHOSE INCOME IN THE PAST 12 MONTHS IS BELOW THE POVERTY LEVEL: All families,PERCENTAGE OF FAMILIES AND PEOPLE WHOSE INCOME IN THE PAST 12 MONTHS IS BELOW THE POVERTY LEVEL: All families: Married couple families,Name,"PERCENTAGE WHOSE INCOME IN THE PAST 12 MONTHS IS BELOW THE POVERTY LEVEL:  All families:  Female householder, no spouse present","PERCENTAGE WHOSE INCOME IN THE PAST 12 MONTHS IS BELOW THE POVERTY LEVEL:  All families:  Female householder, no spouse present:  With related children of the householder under 18 years",PERCENTAGE WHOSE INCOME IN THE PAST 12 MONTHS IS BELOW THE POVERTY LEVEL:  All people,PERCENTAGE WHOSE INCOME IN THE PAST 12 MONTHS IS BELOW THE POVERTY LEVEL:  All people:  People in families,x,y
"1.01","199776","5261","11001000101","1134","787","756","0","32","97","6","0","13","36","135","124","313","187839","203754","576","209820","210","29798","191","50984","0",,"6",,"0","244","0","0","0","0","0","0","0","42","47","155","250001","352037","128224","512","133089","98931","0","0","Census Tract 1.01, District of Columbia",,,"4.4","0",,
"1.02","1706484","516665","11001000102","2989","2264","1762","13","0","38","12","77","199","101","279","221","822","184167","261772","1604","231357","539","33433","281","75840","0",,"11",,"0","901","13","0","38","0","45","26","53","40","109","577","226773","295319","142974","861","218533","101455","5.7","1.7","Census Tract 1.02, District of Columbia","48.1","67.9","5.6","6.4",,
"2.01","505004","0","11001000201","3972","1481","0","0","0","0","0","0","0","0","0","0","0",,,"0",,"0",,"0",,"0",,"0",,"0","0","0","0","0","0","0","0","0","0","0","0",,,"4022","0",,"3064",,,"Census Tract 2.01, District of Columbia",,,"20.3",,,
"2.02","776435","439661","11001000202","4478","2999","1727","109","7","30","3","0","150","80","412","162","774","164261","251056","1578","207119","359","25560","527","43517","55","7456","15",,"15","627","0","0","0","0","0","15","8","72","78","454","250001","367408","101442","1100","176762","75647","0","0","Census Tract 2.02, District of Columbia","0","0","13.1","0",,
"3","1042157","2305","11001000300","5445","4023","2377","57","99","37","63","23","337","136","389","302","934","156483","227259","2052","233672","311","25013","293","48512","0",,"15",,"15","1101","26","0","0","12","0","36","11","58","147","811","250001","367301","86239","1276","104076","56718","2.4","1.5","Census Tract 3, District of Columbia","11.1","14.3","16.1","2.2",,
"4","1541239","69","11001000400","1237","655","578","50","0","22","5","10","80","34","74","91","212","153397","305031","449","307882","172","34820","94","80327","1",,"0",,"0","294","18","0","15","0","5","7","0","7","66","176","250001","467647","115614","284","132013","81354","8.5","2.8","Census Tract 4, District of Columbia","42.9",,"10.4","5.6",,
"5.01","940249","29503","11001000501","3107","2565","1978","100","6","162","19","210","206","177","299","270","529","119911","180442","1756","168508","209","26584","211","87922","33",,"12",,"3","682","0","0","0","0","0","66","44","106","97","369","239500","331874","107728","1296","100753","74773","0","0","Census Tract 5.01, District of Columbia","0","0","4.2","0",,
"5.02","581507","0","11001000502","2948","2458","1641","46","49","18","37","28","154","173","296","223","617","153264","228444","1460","211602","269","23262","340","58678","49","12531","0",,"8","757","21","8","0","0","0","59","24","50","82","513","225313","347782","107348","884","119609","96136","3.8","1.3","Census Tract 5.02, District of Columbia","0","0","5.6","3.3",,
"6","1441865","71","11001000600","4094","2899","2105","34","172","11","2","134","127","155","347","232","891","154266","259185","1704","270625","411","26195","354","59135","76",,"102","541","142","1053","0","0","0","0","5","43","26","112","127","740","250001","395602","116878","1052","119760","94265","0","0","Census Tract 6, District of Columbia","0","0","4.8","0",,
"7.02","308967","0","11001000702","2853","2309","2154","186","70","100","207","107","508","401","253","156","166","71747","83804","1778","84361","328","19386","250","47786","0",,"0",,"0","358","0","0","15","0","12","51","12","70","58","140","187857","168998","62150","1796","65746","63161","0","0","Census Tract 7.02, District of Columbia","0","0","9.4","0",,
"7.03","232137","0","11001000703","3162","1928","2045","112","0","14","60","24","216","385","654","78","502","120156","197905","1368","201102","825","26894","854","62548","66","12308","0",,"0","764","0","0","0","15","0","43","52","177","13","464","239726","362832","123392","1281","99062","67135","0","0","Census Tract 7.03, District of Columbia","0","0","3.3","0",,
"7.04","332346","0","11001000704","2599","1772","1369","138","6","21","64","74","303","130","170","118","345","86733","154056","1187","154690","186","31691","133","36935","0",,"0",,"0","557","19","0","0","0","26","56","55","89","47","265","163125","245345","76518","812","90679","61291","3.4","0","Census Tract 7.04, District of Columbia","0",,"17","3.1",,
"8.02","1688582","669985","11001000802","2901","2132","1413","84","46","6","45","39","116","190","161","104","622","159375","242169","1225","238810","245","31922","242","52736","12",,"0",,"0","808","12","0","0","11","0","57","52","64","98","514","245857","317423","101218","605","130207","73972","1.5","0","Census Tract 8.02, District of Columbia","16.9","25.5","7.1","1.8",,
"8.03","308153","0","11001000803","2158","1378","1239","170","31","25","19","22","5","262","166","134","405","121417","160472","999","147237","376","28754","249","56919","0",,"18",,"14","522","83","0","0","0","0","0","19","0","97","323","244200","244770","80366","717","99100","90302","15.9","11","Census Tract 8.03, District of Columbia","100",,"23","15.5",,
"8.04","2566768","167978","11001000804","2989","1795","1235","63","0","0","11","20","85","53","216","81","706","247946","394447","1052","343064","373","22619","298","55619","18",,"34",,"34","851","34","0","0","0","8","0","25","79","85","620","250001","502909","127418","384","140115","82426","4","0","Census Tract 8.04, District of Columbia","0",,"7.3","4.9",,
"9.02","1867106","307257","11001000902","1793","1125","809","8","0","5","2","16","66","45","138","103","426","219250","268279","631","255777","254","31575","239","74314","10","29820","0",,"2","616","3","0","0","0","4","56","28","68","56","401","250001","308060","95498","193","133005","123056","0.5","0.6","Census Tract 9.02, District of Columbia","0","0","3.1","0.4",,
"9.03","928101","0","11001000903","3894","1871","322","10","0","15","4","0","11","0","44","16","222","250001","371538","256","381532","144","45013","79","81784","0",,"5",,"0","272","0","0","10","0","0","11","0","34","16","201","250001","413528","36379","50","118938","4188","0","0","Census Tract 9.03, District of Columbia","0",,"10.6","0",,
"9.04","2024710","75151","11001000904","2549","1515","1170","0","0","28","20","21","52","49","200","93","707","250001","392709","835","412917","519","27726","440","95048","0",,"6",,"0","900","0","0","0","10","0","52","14","119","59","646","250001","466101","145970","270","137440","128681","0","0","Census Tract 9.04, District of Columbia","0","0","6.6","0",,
"10.02","889722","0","11001001002","2811","2257","1800","111","27","102","28","88","215","62","436","339","392","140772","167415","1568","169956","170","18376","58","59898","0",,"0",,"0","517","0","0","47","0","14","43","36","15","98","264","208417","211108","88843","1283","149808","92462","0","0","Census Tract 10.02, District of Columbia","0","0","10.7","0",,
"10.03","982460","0","11001001003","2208","1644","1139","0","0","23","17","0","46","65","135","139","714","230510","299165","878","326212","377","26152","373","56268","0",,"90",,"76","874","0","0","0","0","0","13","25","61","119","656","247361","342000","112079","265","120817","141471","0","0","Census Tract 10.03, District of Columbia","0","0","3","0",,
"10.04","1471925","0","11001001004","3594","2355","1631","67","11","57","116","104","87","86","132","229","742","183516","222926","1258","250068","500","20450","440","30960","12",,"0",,"0","1039","0","0","0","18","24","59","23","85","152","678","250001","301783","78792","592","81443","95579","0","0","Census Tract 10.04, District of Columbia","0","0","10.1","0",,
"11","1676650","0","11001001100","3987","2567","1995","183","0","68","0","136","142","284","271","147","764","119894","242102","1469","237988","705","23522","538","73239","0",,"8",,"0","973","0","0","28","0","0","16","70","229","106","524","240859","364613","110661","1022","119954","69628","1.4","0","Census Tract 11, District of Columbia","0","0","7.3","2.5",,
"12","1219204","0","11001001200","4379","3170","2414","64","34","187","93","40","308","289","408","298","693","119556","181171","1981","183977","584","20564","499","40882","24",,"0",,"13","1143","0","34","0","0","0","47","46","217","212","587","201615","272404","87146","1271","89605","72263","3","3.5","Census Tract 12, District of Columbia","0","0","6.3","2.2",,
"13.01","2855501","26550","11001001301","3909","2792","1977","98","63","24","312","94","241","144","271","196","534","100744","173051","1541","184102","526","22674","520","45847","40","5343","0",,"52","922","0","52","0","22","0","53","56","168","180","391","166429","273793","77745","1055","85010","72241","5.6","0","Census Tract 13.01, District of Columbia","68.4","0","6.8","4.3",,
"13.03","889581","5274","11001001303","3383","2315","2048","174","23","49","112","126","342","319","255","247","401","88207","130427","1639","132239","370","24997","470","39041","52",,"0",,"93","655","0","0","0","46","0","54","108","0","156","291","179568","221682","84237","1393","87518","70593","0","0","Census Tract 13.03, District of Columbia","0",,"9.8","0",,
"13.04","707155","9432","11001001304","4111","3286","2849","96","197","82","19","55","249","459","838","458","396","111649","131629","2580","121857","309","24717","486","59443","0",,"0",,"21","1013","51","0","0","0","0","7","153","382","195","225","114158","158414","87618","1836","116851","71267","5","5.2","Census Tract 13.04, District of Columbia","0",,"10.8","3.8",,
"14.01","788095","0","11001001401","2664","2002","1304","55","13","11","16","76","122","107","184","120","600","174444","227937","1199","202528","289","25463","292","62203","12",,"0",,"12","865","6","0","0","2","9","12","52","111","122","551","250001","300115","86808","439","82116","101719","0.7","0.7","Census Tract 14.01, District of Columbia","0","0","5.2","0.6",,
"14.02","895209","0","11001001402","2674","1721","1555","128","10","39","83","21","171","119","235","112","637","143523","189017","1058","231702","525","19517","444","44148","103","13341","22",,"140","755","9","0","8","0","11","9","20","77","115","506","250001","283713","86706","800","96572","119318","1.2","0","Census Tract 14.02, District of Columbia","9.9","0","7","2.1",,
"15","4684714","39895","11001001500","4545","3043","2024","38","0","20","68","33","60","229","220","237","1119","228750","297944","1642","284803","642","28255","657","82522","13",,"20",,"0","1610","36","0","0","14","19","31","126","123","195","1066","250001","315609","106292","414","218901","119611","2.2","0","Census Tract 15, District of Columbia","14","14","2.9","2.6",,
"16","2667590","7820","11001001600","4076","2828","1569","25","6","27","17","77","44","63","340","347","623","178493","203752","1302","197670","424","22998","515","68836","55","21733","0",,"51","1148","25","0","0","0","34","19","17","200","288","565","199464","229185","70408","421","117862","83810","2.2","0","Census Tract 16, District of Columbia","0","0","3.2","1.6",,
"17.02","939295","0","11001001702","3214","2236","1584","87","18","42","29","85","306","148","336","124","409","115000","145472","1314","144007","346","17729","378","52873","82","9259","18",,"110","714","28","0","12","13","20","52","51","180","75","283","150313","189339","66040","870","107564","72570","3.9","0","Census Tract 17.02, District of Columbia","17.7","0","5.3","3.3",,
"18.03","1136289","31909","11001001803","3371","2245","1623","20","106","252","208","146","455","166","152","52","66","54306","64115","1373","63637","294","16336","241","36119","93","6638","63","495","271","730","23","87","86","104","89","150","16","78","31","66","45565","67702","27121","893","53386","29276","26.6","24.4","Census Tract 18.03, District of Columbia","13.1","12","21.4","23.6",,
"18.04","601755","0","11001001804","4272","2970","1879","123","197","268","167","220","420","26","172","147","139","47535","72989","1442","77201","513","12870","324","36151","177","10852","179","3167","340","956","17","63","145","13","93","285","14","86","116","124","60571","98068","28460","923","46786","30613","13.2","16","Census Tract 18.04, District of Columbia","11.7","14.8","15.6","10.6",,
"19.01","769304","0","11001001901","3225","2343","1498","137","64","51","39","371","122","105","287","114","208","67381","102246","1208","110541","310","15693","219","35968","23","12057","83","7141","172","1064","45","12","0","30","309","62","101","249","70","186","92414","118809","39421","434","54615","52298","6.2","1.9","Census Tract 19.01, District of Columbia","21.1","32.8","13.1","10.5",,
"19.02","877346","0","11001001902","2032","1301","780","30","5","30","9","74","104","95","160","109","164","116250","135685","632","138408","205","17870","251","35626","38","8471","8",,"54","508","5","0","30","10","54","46","38","108","93","124","135000","146739","47174","272","98001","55270","1","0","Census Tract 19.02, District of Columbia","3.3","0","5.9","1.2",,
"20.01","632724","1132","11001002001","2712","1925","1181","36","12","331","65","123","244","88","109","68","105","51250","83176","1054","79335","442","10831","158","42021","33","7773","49","2067","128","855","6","0","310","58","85","105","63","62","67","99","47813","87071","30369","326","56447","30362","37.9","44.7","Census Tract 20.01, District of Columbia","25","34.2","27.6","26.2",,
"20.02","849376","0","11001002002","3446","2844","1372","6","56","35","94","5","97","97","96","155","731","211875","226253","1270","226039","251","15024","191","39966","11",,"5",,"60","874","5","15","25","47","0","50","100","100","141","391","183250","237004","78106","498","168042","67341","2.3","1","Census Tract 20.02, District of Columbia","7.4","14.2","6","3.3",,
"21.01","600992","0","11001002101","4297","3360","2143","39","33","179","139","225","507","304","284","133","300","68828","99204","1874","102393","428","20412","249","27947","111","9543","113","1827","398","1260","13","31","134","81","30","260","284","111","98","218","95095","108739","39190","883","82678","44040","6.1","6.5","Census Tract 21.01, District of Columbia","7.5","3.4","7.7","5.4",,
"21.02","725975","0","11001002102","4723","3245","2132","196","56","126","50","222","345","247","354","224","312","81250","111052","1695","124352","490","17802","522","25605","52","6717","45","2856","157","1306","99","23","63","50","126","221","135","216","185","188","92813","111365","45622","826","103534","51473","12.2","10.3","Census Tract 21.02, District of Columbia","12.4","38.9","12.7","11.7",,
"22.01","415173","0","11001002201","2954","2207","871","0","0","91","64","69","134","63","88","73","289","104226","150298","687","172499","207","14661","207","23378","38","12621","56","3461","116","575","0","6","18","47","50","55","63","74","80","182","141146","144739","43310","296","132417","53162","5.4","6.7","Census Tract 22.01, District of Columbia","0","0","9.3","9",,
"22.02","698895","566","11001002202","2335","1916","1152","25","19","66","169","187","210","159","61","31","225","59083","97546","1036","94954","192","14059","193","46758","13",,"48","4223","162","679","0","0","58","98","114","113","54","37","47","158","61597","111717","37993","473","73302","42972","8.5","0","Census Tract 22.02, District of Columbia","24.8","39.7","13.3","13.4",,
"23.01","407679","0","11001002301","2865","2244","1195","70","8","21","49","31","110","145","134","356","271","154391","156217","1110","149348","262","20945","188","30444","9",,"83","6399","19","887","38","0","9","40","34","66","80","74","309","237","161380","167986","57125","308","118566","65583","4.3","0","Census Tract 23.01, District of Columbia","12.4","0","3.8","2.3",,
"23.02","2010924","5298","11001002302","1498","805","814","76","41","28","165","17","79","123","136","54","95","75208","95342","407","129216","410","20378","201","25988","17","13329","0",,"23","141","4","3","17","0","0","7","44","31","16","19","86750","123183","56903","673","89349","59583","17","6.6","Census Tract 23.02, District of Columbia","38.6","0","16.2","18.6",,
"24","556408","0","11001002400","3703","2779","1357","39","0","0","25","119","175","219","395","168","217","111061","132205","1218","130836","220","25515","190","31374","26","8788","44","3273","48","686","28","0","0","0","73","64","146","181","93","101","104278","127075","51618","671","128876","47523","4.1","3","Census Tract 24, District of Columbia","0","0","6.5","2.3",,
"25.01","543460","0","11001002501","2553","1788","971","110","51","13","19","0","131","38","190","101","318","143281","156820","808","173844","286","13394","70","32596","32","8594","3",,"152","720","45","0","0","19","93","70","42","82","82","287","155114","170240","49549","251","80060","65170","6.3","0","Census Tract 25.01, District of Columbia","25.6","29.1","9.8","4.3",,
"25.03","292105","0","11001002503","2857","2164","1512","111","30","119","18","297","159","135","248","114","281","80682","114582","1340","122889","169","14211","60","17358","105","9781","61",,"184","574","35","0","36","18","18","80","26","112","38","211",,"158897","56868","938","86733","64344","6.3","3.2","Census Tract 25.03, District of Columbia","15.1","2.4","12.2","9.1",,
"25.04","311721","0","11001002504","3208","2336","1331","276","15","0","31","58","190","243","191","103","224","79647","106712","981","130118","231","14944","229","35341","96","7681","16",,"107","497","41","0","0","31","0","113","78","75","62","97","78603","125694","46389","834","92624","56439","8.2","0","Census Tract 25.04, District of Columbia","26.5","27.1","15.4","8.1",,
"26","2106150","60195","11001002600","2325","1668","863","17","23","21","24","22","74","81","79","97","425","191484","228977","692","232328","254","23363","286","64645","51",,"7",,"9","590","8","6","5","0","2","24","40","43","94","368","250001","271287","78033","273","102209","68818","3.2","2.3","Census Tract 26, District of Columbia","12.3","80","4.6","3.1",,
"27.02","479022","7175","11001002702","5204","4309","2205","117","43","82","74","129","207","323","394","296","540","113250","152412","2005","154462","243","17779","244","17360","84","10351","41","5544","96","949","0","0","48","50","81","44","94","99","214","319","171696","193415","63457","1256","118835","64194","0","0","Census Tract 27.02, District of Columbia","0","0","5.7","0",,
"27.03","163863","0","11001002703","2085","1665","1124","114","73","32","52","42","95","132","242","84","258","106250","137249","1014","138576","110","10235","105","46598","38",,"85",,"151","381","49","0","0","0","0","0","26","72","39","195","227989","210506","69726","743","90964","75012","12.9","0","Census Tract 27.03, District of Columbia","52.7","52.7","16.5","16.5",,
"27.04","295339","2427","11001002704","3574","3071","1623","51","99","11","7","267","372","216","268","232","100","75194","106015","1543","104912","114","15523","76","70184","0",,"52",,"0","514","0","0","0","0","60","96","65","75","118","100","106731","175437","49033","1109","67792","42927","0","0","Census Tract 27.04, District of Columbia","0","0","7.3","0",,
"28.01","171910","0","11001002801","3449","2800","1705","119","54","146","95","197","303","213","283","78","217","62323","96342","1587","98627","131","14064","48","34977","50","12112","97","6775","228","548","43","20","73","43","27","61","87","40","41","113","80313","117937","45956","1157","85316","53203","21","3.2","Census Tract 28.01, District of Columbia","50.5","63.2","19.3","23",,
"28.02","229696","0","11001002802","4480","3656","2520","421","43","148","178","62","467","439","348","203","211","72582","88993","2056","96600","400","13544","117","27023","94","7817","246","1157","490","835","138","0","81","22","79","75","153","110","94","83","76103","90850","49767","1685","87090","67565","16.5","0","Census Tract 28.02, District of Columbia","47.9","57.5","15.8","15.3",,
"29","300632","0","11001002900","3765","3378","1486","63","9","82","33","45","167","148","208","157","574","148125","185838","1402","189694","94","15399","73","28863","51","9318","8",,"114","747","10","8","35","33","17","37","26","159","71","351","183958","228750","68868","739","124975","66008","2.4","0","Census Tract 29, District of Columbia","8.4","12.1","6.3","3.1",,
"30","210636","0","11001003000","3541","2607","1454","214","112","117","35","98","97","138","200","170","273","88125","127972","1177","144685","173","13418","107","69054","26","7658","105",,"258","655","165","53","67","3","88","31","20","43","50","135","45255","116080","51457","799","137238","72500","37.1","0","Census Tract 30, District of Columbia","72.5","76.9","25","35.5",,
"31","296819","0","11001003100","3402","2757","1591","33","0","142","37","80","100","203","338","387","271","133408","146511","1412","151913","231","21550","121","28844","49","11073","9",,"86","529","25","0","20","8","49","21","55","78","86","187","160045","192377","66447","1062","121602","70968","7","0","Census Tract 31, District of Columbia","22.6","27","5.6","5.6",,
"32","447929","0","11001003200","4038","3381","1508","71","45","153","9","69","131","154","401","153","322","117563","136862","1239","153826","311","16000","164","26045","152","9230","156","4604","211","895","49","26","100","0","48","76","132","171","74","219","108393","136244","44144","613","125629","49792","19.6","0","Census Tract 32, District of Columbia","61.2","83.9","17.1","20.6",,
"33.01","442120","0","11001003301","3780","3241","1756","82","7","30","31","38","94","338","238","317","581","160536","174040","1645","174007","127","21056","159","36145","31",,"37","438","73","744","15","0","5","0","22","30","24","95","183","370","199615","211530","79201","1012","130799","82850","2.7","3.3","Census Tract 33.01, District of Columbia","0","0","6.8","2.8",,
"33.02","204237","0","11001003302","1838","1477","821","6","6","27","20","25","95","78","168","107","289","139485","168620","785","167298","49","15284","65","40026","10",,"0",,"27","380","0","6","15","0","13","7","29","40","54","216","206429","215202","71282","441","124575","87791","1.6","0","Census Tract 33.02, District of Columbia","0","0","7.9","1.4",,
"34","911458","159593","11001003400","4731","2633","1012","60","26","56","7","158","65","54","157","105","324","104485","172627","865","189758","163","12026","184","15992","31",,"0",,"106","258","9","26","19","0","0","53","0","21","46","84","157692","171512","44989","754","167200","31290","20.9","6.7","Census Tract 34, District of Columbia","36.3","45","9.2","19.6",,
"35","382021","0","11001003500","4557","2772","1288","88","52","67","177","102","142","121","231","104","204","75816","107456","1036","121996","158","14049","85","47485","67","8509","24",,"140","397","11","8","31","46","46","49","27","44","59","76","75938","125634","34677","891","96649","26318","6.8","0","Census Tract 35, District of Columbia","50.9","100","10","5.8",,
"36","305616","0","11001003600","4483","3697","1967","190","143","21","89","29","212","234","342","221","486","107610","148325","1695","163187","207","7502","87","12351","45",,"24",,"112","517","0","116","0","0","0","43","72","60","54","172","128750","196309","75500","1450","130465","69807","22.4","0","Census Tract 36, District of Columbia","62.7","44.2","18.2","24.2",,
"37.01","172840","0","11001003701","2142","1829","1490","30","0","52","46","342","241","48","286","229","216","88654","123458","1309","131491","58","19059","86","51685","11",,"5",,"52","279","0","0","16","0","61","4","0","23","32","143","207719","221781","82934","1211","100806","72889","0","0","Census Tract 37.01, District of Columbia","0","0","2.1","0",,
"37.02","119532","0","11001003702","1859","1411","1168","251","0","63","201","97","201","65","94","62","134","41719","78196","872","95498","138","14929","59","19788","47","8881","130",,"252","420","176","0","0","163","16","24","5","0","0","36","29231","55534","37582","748","90920","51338","41.9","0","Census Tract 37.02, District of Columbia","49","58.7","34.3","46.3",,
"38.01","148928","0","11001003801","1489","1328","1048","28","0","0","11","109","214","138","279","39","230","102980","174744","944","168715","140","16831","134","47450","0",,"0",,"15","319","0","0","0","0","0","42","0","42","39","196","225125","380875","109726","729","84544","78835","0","0","Census Tract 38.01, District of Columbia",,,"1.7","0",,
"38.02","207186","0","11001003802","2980","2619","1785","47","34","24","132","150","92","134","448","193","531","135094","190032","1652","197378","121","8370","189","23301","44","8564","88",,"124","547","1","34","0","0","27","7","0","46","93","339","250001","338169","111201","1238","124423","92749","6.4","0","Census Tract 38.02, District of Columbia","68.6","100","5","6.5",,
"39.01","120715","0","11001003901","2393","2174","1682","45","18","48","66","76","132","216","357","527","197","123465","130343","1553","136946","153","13968","37",,"36",,"47",,"65","339","0","0","20","0","0","0","11","62","90","156","194653","204769","87232","1343","111443","91406","0","0","Census Tract 39.01, District of Columbia",,,"5","0",,
"39.02","266513","11205","11001003902","2020","1748","1203","0","5","28","5","35","153","152","369","228","228","135211","154226","1184","142778","57","27363","33","24085","6",,"0",,"0","498","0","0","0","5","5","0","30","53","197","208","170556","233216","83601","705","98429","76239","0","0","Census Tract 39.02, District of Columbia",,,"0.4","0",,
"40.01","271037","2414","11001004001","4338","4039","2362","31","0","35","77","20","239","185","422","631","722","153650","215498","2264","199800","282","22970","207","47578","37",,"11",,"19","719","0","0","0","0","0","45","50","56","154","414","250001","365194","114066","1643","148286","84293","0","0","Census Tract 40.01, District of Columbia","0","0","1.5","0",,
"40.02","194755","0","11001004002","3179","2815","2079","68","15","8","36","30","212","231","343","369","767","154792","190475","1975","178745","437","17627","158","57960","0",,"0",,"0","525","0","0","23","0","0","15","0","66","106","315","228393","259756","115108","1554","164645","89750","1.1","1.3","Census Tract 40.02, District of Columbia","0","0","3.4","0.9",,
"41","788701","7303","11001004100","2134","1580","1207","17","12","19","23","89","165","101","118","184","479","160313","287460","1033","242936","303","27016","209","69518","16",,"0",,"0","477","0","0","16","0","40","24","0","23","67","307","250001","458944","137531","730","171409","91310","3.4","3.5","Census Tract 41, District of Columbia","0",,"5.2","2.6",,
"42.01","204529","0","11001004201","3421","3197","1889","0","35","81","9","21","147","180","624","284","508","132386","176095","1810","176742","114","15947","124","39142","0",,"0",,"40","445","0","0","0","0","16","19","0","47","113","250","228589","236288","90949","1444","157364","85405","0","0","Census Tract 42.01, District of Columbia","0",,"1.5","0",,
"42.02","207646","0","11001004202","2573","1954","1466","39","50","26","46","53","273","236","325","147","271","105449","148356","1345","136686","169","25046","141","57799","8",,"10",,"18","265","0","0","0","0","23","8","29","65","29","111","164844","230605","87474","1201","123827","71250","0","0","Census Tract 42.02, District of Columbia","0",,"16.2","0",,
"43","236694","0","11001004300","3642","3027","2299","21","112","211","64","99","232","240","477","361","482","112197","151790","2027","162475","255","15322","150","28563","18",,"8",,"81","527","0","0","0","0","35","35","6","76","20","355","231427","303872","88955","1772","104310","77439","0","0","Census Tract 43, District of Columbia","0","0","3.1","0",,
"44.01","246895","0","11001004401","2901","2659","1678","0","21","38","16","45","37","103","356","416","646","180293","235864","1593","235384","90","16578","89","35074","32",,"43",,"43","553","0","0","0","0","10","7","16","44","234","242","182434","305042","114513","1125","201859","105566","0","0","Census Tract 44.01, District of Columbia","0",,"4.5","0",,
"44.02","274746","0","11001004402","2268","1597","929","20","11","0","74","0","79","138","168","157","282","138750","203327","816","210023","113","16646","190","24868","68","7678","32",,"43","386","20","0","0","0","0","32","81","53","55","145","150318","229983","81904","543","184379","70278","5.2","7.1","Census Tract 44.02, District of Columbia",,,"6","4.5",,
"46","437422","0","11001004600","2814","2249","1425","64","37","61","212","22","86","74","286","272","311","129896","133221","1237","144021","229","15814","93","18460","107","7550","52","977","189","482","24","0","13","95","13","41","0","119","95","82","130204","135221","63741","943","130436","67310","7.7","5.6","Census Tract 46, District of Columbia","11.3","7.5","9.2","9",,
"47.02","326418","0","11001004702","3518","2874","2046","104","34","4","46","79","227","155","756","273","368","136979","142887","1898","146898","104","11752","68","51587","16",,"15",,"20","454","0","7","0","0","0","55","31","151","79","131","143851","197631","80630","1592","126636","81207","1.5","0","Census Tract 47.02, District of Columbia","13.5","18.4","8.3","1.3",,
"47.03","124124","0","11001004703","2726","2028","1684","283","138","76","44","171","43","167","331","152","279","89310","107493","1263","122720","170","11579","159","39370","73","6392","3",,"39","436","0","112","17","0","94","0","0","39","59","115",,"129002","62253","1248","99080","62739","25.7","27.1","Census Tract 47.03, District of Columbia","0","0","24","25",,
"47.04","198509","0","11001004704","1049","381","796","275","42","0","148","0","146","27","158","0","0","30174","41888","314","82516","214","11776","256","17669","22",,"172","1294","220","399","102","42","0","0","0","97","0","158","0","0","51430","59757","18070","397","23929","115009","36.1","100","Census Tract 47.04, District of Columbia","32.2","29.7","37.4","35.5",,
"48.01","317222","0","11001004801","2848","2091","1227","194","31","25","10","29","99","159","190","127","363","109453","144469","926","168965","236","12686","222","42979","33","10182","23","2396","110","490","95","0","15","10","20","48","53","57","60","132","100526","150453","62752","737","138372","70255","19.4","28.1","Census Tract 48.01, District of Columbia","0","0","13.6","10.4",,
"48.02","288793","0","11001004802","3052","2416","1620","61","88","61","39","98","159","177","421","185","331","118500","134675","1444","142181","236","16256","194","27570","58","5093","24",,"142","619","0","30","71","0","77","103","24","114","65","135","108750","141059","67684","1001","121355","65962","4.8","0","Census Tract 48.02, District of Columbia","0","0","6","3.4",,
"49.01","271866","0","11001004901","3212","2597","1823","218","119","57","125","88","177","130","295","180","434","96932","127992","1458","145712","297","15842","195","28901","119","9934","48","7944","138","537","30","11","0","45","49","127","54","35","28","158","75650","146162","70748","1286","119474","66379","7.6","0","Census Tract 49.01, District of Columbia","9.6","13.3","13","9.4",,
"49.02","263879","0","11001004902","3204","2656","1840","141","46","27","81","80","125","80","280","215","765","159625","182298","1680","191440","106","8519","131","34098","59","7988","39","187","165","466","44","0","15","23","18","25","19","32","52","238","201136","228920","100443","1374","165590","100099","12.7","4.4","Census Tract 49.02, District of Columbia","37","44","12.2","17.4",,
"50.01","200969","0","11001005001","1932","1644","1028","14","0","6","0","93","28","70","215","147","455","184722","213073","928","221560","84","15944","99","54247","29",,"23",,"29","418","6","0","0","0","0","0","24","8","94","286","235979","267477","108683","610","174506","86680","1.4","0","Census Tract 50.01, District of Columbia","28.6",,"6.8","1.1",,
"50.03","94136","0","11001005003","1617","1510","928","41","13","17","0","107","100","120","192","95","243","116250","144591","883","145390","41",,"28","17371","0",,"23",,"62","115","0","0","0","0","0","0","0","13","21","81","228194","233589","93690","813","132002","91857","0","0","Census Tract 50.03, District of Columbia",,,"5.9","0",,
"50.04","143156","0","11001005004","3670","2488","2159","297","86","147","221","95","195","325","194","176","423","76964","111377","1617","129386","461","13472","292","49952","180","8973","17",,"414","477","0","0","35","92","43","48","0","59","35","165","115521","172130","61887","1682","94148","54125","6.3","6.8","Census Tract 50.04, District of Columbia","0","0","26.5","14.2",,
"52.02","246292","0","11001005202","2741","2475","1955","73","0","30","0","79","106","239","555","268","605","133927","222409","1760","234824","124","18422","151","46379","82","7994","0",,"52","196","0","0","12","0","0","0","0","53","0","131","229554","325526","155884","1759","210919","104529","0","0","Census Tract 52.02, District of Columbia","0",,"2.6","0",,
"52.03","93419","0","11001005203","2878","2533","2318","104","0","65","67","51","910","254","474","248","145","74078","99813","2121","96742","776","8275","29",,"65",,"0",,"112","398","0","0","0","12","0","12","0","239","110","25","134167","139007","75915","1920","91688","63944","0","0","Census Tract 52.03, District of Columbia","0",,"5.5","0",,
"53.02","117635","0","11001005302","2383","1773","1657","166","0","135","130","52","181","278","283","171","261","87981","118046","1379","124405","161","20715","123","55750","0",,"0",,"27","308","0","0","0","0","0","48","17","70","45","128","162375","192058","84219","1349","101147","73447","0","0","Census Tract 53.02, District of Columbia",,,"9","0",,
"53.03","168769","0","11001005303","2654","2055","2009","107","22","28","48","186","376","290","417","142","393","97181","134688","1656","145124","212","27481","350","34646","0",,"0",,"0","355","0","0","0","0","24","0","57","91","28","155","158482","214474","96745","1654","116820","81716","0","0","Census Tract 53.03, District of Columbia",,,"9.6","0",,
"55.01","164749","0","11001005501","1700","1270","1134","157","17","40","30","40","19","192","223","167","249","113922","155448","949","157095","120","16573","45",,"0",,"0",,"0","237","0","0","0","0","0","0","0","0","121","116","194777","312188","105809","897","114035","85638","0","0","Census Tract 55.01, District of Columbia",,,"18","0",,
"55.02","251302","0","11001005502","2486","1825","1510","36","99","0","113","100","214","151","414","98","285","105351","150788","1415","143140","219","25918","84","41995","0",,"0",,"0","414","0","0","0","0","0","0","31","164","0","219","233929","274166","86337","1096","104183","73456","0","0","Census Tract 55.02, District of Columbia","0","0","11.7","0",,
"55.03","213338","4682","11001005503","2127","1568","1394","138","0","14","0","12","182","174","161","103","610","173255","177639","1260","171747","167","26086","182","101836","0",,"0",,"0","421","0","0","0","0","0","63","124","56","70","108","121958","159657","111485","973","185420","92969","0","0","Census Tract 55.03, District of Columbia",,,"13.8","0",,
"56.01","185309","1275","11001005601","2357","1551","1609","287","54","104","32","99","419","137","151","85","241","67840","88639","1153","102434","133","25863","169","43365","0",,"17",,"0","147","11","0","0","0","0","0","32","21","23","60","152375","187673","61526","1462","78682","61505","7.5","0","Census Tract 56.01, District of Columbia","52.4",,"32.4","6.2",,
"56.02","273491","6261","11001005602","4141","2236","1641","139","76","57","55","67","57","256","436","145","353","108327","141268","1171","147095","491","20232","335","60341","34",,"0",,"113","318","21","0","0","0","0","0","0","82","57","158","182386","268534","60053","1323","110678",,"6.6","6.6","Census Tract 56.02, District of Columbia",,,"19.8","6.5",,
"58.01","232951","0","11001005801","1866","1312","1212","131","89","30","3","22","69","88","413","117","250","114452","142752","1031","154872","159","13734","65","53160","42","8626","0",,"124","237","20","23","11","0","0","13","0","18","46","106","198580","195776","87266","975","129864","106182","22.8","16.4","Census Tract 58.01, District of Columbia","100",,"29.8","23.5",,
"58.02","682488","0","11001005802","1790","1615","1302","27","9","32","31","47","33","170","264","216","473","162500","213452","1241","202270","137","23612","107","71461","0",,"0",,"7","251","0","0","22","0","0","0","0","0","14","215","250001","397489","155038","1051","169500","129342","0","0","Census Tract 58.02, District of Columbia",,,"3.3","0",,
"59","641993","0","11001005900","2405","1767","1231","232","30","21","20","49","81","106","368","139","185","111347","123206","978","142497","123","7442","56","40286","37","9946","5",,"197","192","12","0","0","0","0","0","33","61","22","64","134821","173582","65860","1039","113896","66580","6.3","6.3","Census Tract 59, District of Columbia",,,"26.3","5.2",,
"64","691410","243648","11001006400","1943","1146","1163","291","141","139","73","69","97","116","61","80","96","27574","70817","736","96626","325","11456","67","28710","257","9475","79","1128","544","524","137","46","122","38","44","27","37","9","10","54","21534","61577","35469","639","72483","45536","47.5","16.8","Census Tract 64, District of Columbia","49.6","58.1","38.9","44.2",,
"65","509297","0","11001006500","2577","1810","1325","164","8","49","0","22","84","52","386","181","379","118508","165222","1095","171687","120","28817","110","74530","8",,"13",,"7","474","33","0","1","0","0","6","0","24","128","282","209630","265726","79965","851","100632","94583","7","0","Census Tract 65, District of Columbia","48.5","54.1","21.5","11.2",,
"66","285156","0","11001006600","1805","1343","1023","0","0","51","44","47","81","150","178","183","289","133967","154064","791","154276","257","25136","268","59254","0",,"0",,"0","527","0","0","11","6","0","43","22","73","121","251","197228","206408","82916","496","97701","95104","0","0","Census Tract 66, District of Columbia","0","0","1.6","0",,
"67","428358","0","11001006700","3833","2979","2063","46","33","7","63","34","359","214","451","177","679","124107","181506","1747","180495","479","21674","465","63967","9",,"7",,"7","946","0","0","7","0","0","15","91","187","118","528","218750","250740","87691","1117","119665","87563","0","0","Census Tract 67, District of Columbia","0","0","2.2","0",,
"68.01","244750","0","11001006801","2188","1755","991","81","9","7","51","27","54","111","279","154","218","109863","133289","894","140242","93","16535","86","33906","15",,"34","1600","49","508","0","0","8","25","12","20","46","105","112","180","162083","173102","55157","483","90101","72200","0","0","Census Tract 68.01, District of Columbia","0","0","15","0",,
"68.02","280108","0","11001006802","2147","1651","922","13","9","7","32","36","49","203","158","122","293","124722","165089","877","161767","188","8512","129","39007","4",,"0",,"29","455","0","0","1","0","7","26","29","89","101","202","190898","211151","64780","467","114170","64181","0","0","Census Tract 68.02, District of Columbia","0","0","12.6","0",,
"68.04","1542277","477741","11001006804","2915","158","45","0","0","0","0","3","5","0","0","17","20",,"190291","42","193374","3",,"0",,"0",,"0",,"0","42","0","0","0","0","0","5","17","0","0","20",,"153469","11879","3",,"13221","0","0","Census Tract 68.04, District of Columbia",,,"43.3","0",,
"69","398513","0","11001006900","2168","1813","1128","6","76","14","8","20","44","128","181","121","530","178611","217266","916","231271","209","17202","176","74443","0",,"29","2438","47","595","0","0","0","0","9","2","37","60","50","437","250001","289857","96296","533","130665","104744","0","0","Census Tract 69, District of Columbia","0","0","3.1","0",,
"70","439473","0","11001007000","2404","1852","1093","25","0","0","22","5","122","69","313","123","414","149750","200585","1006","197872","127","25419","147","80209","0",,"17",,"2","519","0","0","0","0","0","21","10","99","60","329","243438","267012","82440","574","140047","71303","0","0","Census Tract 70, District of Columbia",,,"2","0",,
"71","602223","149901","11001007100","3016","1688","1247","57","154","89","17","153","78","86","280","153","180","88281","122985","987","140587","216","13371","161","40872","172","9681","85","5448","317","607","39","89","76","0","85","0","8","91","92","127","113063","150107","43124","640","94556","72860","30","0","Census Tract 71, District of Columbia","53.6","60.5","29.5","34.3",,
"72.01","781457","312419","11001007201","1473","1312","1114","14","0","28","65","28","113","210","229","192","235","124013","141623","1100","133574","15",,"139","52605","0",,"0",,"40","197","0","0","0","0","0","0","0","5","60","132","250001","273496","110008","917","113292","96316","0","0","Census Tract 72.01, District of Columbia",,,"1.6","0",,
"72.02","183977","0","11001007202","3104","2951","1833","44","4","0","17","52","148","219","590","438","321","144005","147708","1814","145345","2",,"23","64283","17",,"16",,"14","384","0","0","0","0","0","27","25","42","126","164","189265","188352","91604","1449","136937","92115","0","0","Census Tract 72.02, District of Columbia","0","0","2.3","0",,
"72.03","384178","0","11001007203","2087","1734","1261","45","70","25","62","38","25","99","316","193","388","136563","157987","1032","173934","304","12702","222","36097","47","9885","0",,"216","577","0","0","4","0","21","14","41","158","127","212","163867","198530","79302","684","123532","94408","0","0","Census Tract 72.03, District of Columbia","0","0","3.5","0",,
"73.01","4684643","5139082","11001007301","3119","1304","1396","19","0","50","38","216","84","208","301","309","171","104744","117648","1386","108344","110","11548","172","31796","0",,"0",,"9","1148","0","0","50","38","158","84","208","240","219","151","103409","116416","35397","248","122847","45748","2.2","1.5","Census Tract 73.01, District of Columbia","13.8","13.8","6.4","4.9",,
"73.04","1232841","8983","11001007304","3278","1872","1733","223","57","150","531","171","283","137","46","101","34","34414","52001","1342","56005","240","12948","232","39700","170","8025","143","3259","470","863","154","25","66","109","91","151","110","22","101","34","48836","66293","23271","870","37275","33744","26","0","Census Tract 73.04, District of Columbia","35.3","48.6","30","33.2",,
"74.01","1209113","200980","11001007401","1193","617","710","194","165","69","124","38","44","14","40","5","17","14859","31379","361","46979","275","11492","129","8247","72","9156","104","1991","362","325","87","57","46","45","0","19","14","40","0","17","18264","43587","15583","385","21074","20150","57.8","20","Census Tract 74.01, District of Columbia","78","82.5","66","71.7",,
"74.03","330904","0","11001007403","1915","1268","870","284","12","144","68","77","130","13","124","0","18","24860","53837","602","71312","135","6565","66","11398","194","7716","39",,"403","569","133","26","88","56","49","93","19","105","0","0","31372","47036","20778","301","62129","26723","36","14","Census Tract 74.03, District of Columbia","49.2","66.4","46","44.7",,
"74.04","826388","0","11001007404","2894","1901","1171","121","30","96","8","268","153","202","142","34","117","64607","80709","983","84394","279","11068","139","28614","186","11147","67","1794","341","818","65","0","73","25","186","113","182","91","34","49","69286","78392","27645","353","63422","40632","13.6","0","Census Tract 74.04, District of Columbia","20.5","15.8","15.5","13.6",,
"74.06","360152","0","11001007406","2532","1312","1181","403","113","121","19","148","154","78","115","30","0","23125","40756","678","61715","144","11439","66","7398","144","7149","195","5551","414","875","270","113","64","19","148","133","77","21","30","0","24120","38127","12543","306","36196","33810","51.9","14.5","Census Tract 74.06, District of Columbia","57.9","64.2","51.7","52.7",,
"74.07","608700","0","11001007407","2551","1759","1343","204","41","193","239","84","178","202","56","93","53","34714","89964","1073","76099","189","11171","194","77584","145","9590","133","2157","545","798","152","0","115","167","70","62","106","41","53","32","32434","106232","42346","545","64211","33007","23.4","13.3","Census Tract 74.07, District of Columbia","23","32.6","26.2","28.7",,
"74.08","372349","0","11001007408","1938","1064","1028","246","74","200","113","125","70","106","33","33","28","24583","41391","728","53252","121","4915","24",,"125","7715","241","3275","440","478","126","74","72","97","34","18","6","0","51","0","22708","35337","14311","550","43354","27163","54","62.1","Census Tract 74.08, District of Columbia","54.4","64.1","55.2","64.1",,
"74.09","404873","5767","11001007409","2642","1855","1664","368","186","142","154","371","183","138","72","36","14","30455","44069","1045","54953","552","10378","202","35777","152","7046","131","1053","821","995","255","92","80","119","215","132","56","31","15","0","27716","36019","18273","669","54039","26100","40.3","34.5","Census Tract 74.09, District of Columbia","30.5","29.8","35.9","38.8",,
"75.02","648317","0","11001007502","3765","2042","1670","327","149","220","321","123","257","117","96","40","20","28743","45000","998","59521","403","9868","399","17270","235","7931","205","4193","741","1073","173","87","116","251","62","184","84","56","40","20","29862","51335","16549","597","33614","31060","28.7","12.9","Census Tract 75.02, District of Columbia","35.3","39.1","32.1","30.9",,
"75.03","515179","0","11001007503","1795","1128","806","142","82","81","98","60","96","58","70","51","68","35000","69437","559","82650","198","11268","107","40727","109","8856","98","5246","366","461","76","17","74","44","30","51","42","52","20","55","40114","79147","21844","345","54952","33352","30.4","11.3","Census Tract 75.03, District of Columbia","44.1","58.8","33.9","31.8",,
"75.04","764081","0","11001007504","1895","1095","1136","258","265","116","96","63","74","72","105","48","39","16844","53476","663","61458","161","11325","152","11849","183","9575","101","2469","259","551","85","74","58","68","38","103","44","45","22","14","32083","51671","23160","585","51461","26825","35","10.1","Census Tract 75.04, District of Columbia","52.2","60.5","46.7","43.7",,
"76.01","1115359","141529","11001007601","4188","2612","2034","187","197","268","206","356","155","216","198","156","95","40330","71519","1502","80498","554","14121","338","29737","218","8525","191","4644","723","1048","44","110","113","50","237","102","90","102","108","92","43585","91234","31593","986","49059","34500","16.4","8.2","Census Tract 76.01, District of Columbia","20.8","34.1","17.6","11.9",,
"76.03","1226616","0","11001007603","3169","1931","2036","99","102","128","241","188","491","126","488","116","57","60833","75430","1523","74903","616","15649","575","39781","94","11678","111","1756","288","674","0","50","42","146","15","120","16","227","25","33","68810","82847","40843","1362","71760","47635","13.6","0","Census Tract 76.03, District of Columbia","22.3","22","22.6","27.6",,
"76.04","1369580","0","11001007604","3539","2212","1725","154","14","187","132","96","406","263","199","96","178","72946","93682","1342","88180","505","12083","558","54943","248","7917","115","5287","438","878","41","0","61","75","53","153","125","130","83","157","81855","125482","39342","847","57158","41085","9.3","0","Census Tract 76.04, District of Columbia","16.2","30.3","21.5","13.9",,
"76.05","453794","0","11001007605","3562","1944","1748","413","89","184","134","247","396","74","101","54","56","39896","50783","1182","57414","696","10343","396","23900","162","11099","74","1015","443","663","33","89","96","31","175","54","33","74","43","35","42238","63313","24926","1085","43119","32373","18.4","0","Census Tract 76.05, District of Columbia","25.5","38.2","23.9","12.2",,
"77.03","1017741","1059","11001007703","5627","3518","2170","484","179","167","101","230","514","205","226","35","29","46156","50416","1536","58116","510","10806","176","37593","318","10796","122","4886","751","1472","158","146","109","86","126","463","189","131","35","29","63122","58642","18060","698","32704","27701","23.9","12.3","Census Tract 77.03, District of Columbia","35.8","24.8","23.6","19.4",,
"77.07","842851","0","11001007707","2997","1452","1613","389","145","112","224","169","118","105","132","26","193","32354","77389","994","107444","486","10323","199","36997","170","7074","87","666","554","847","103","31","83","145","93","67","32","106","26","161","45129","114187","23238","766","35269","40658","26.6","21.1","Census Tract 77.07, District of Columbia","31.9","40.9","39.8","36.1",,
"77.08","745809","129100","11001007708","2242","1072","1006","188","83","126","94","245","139","58","43","26","4","37803","41433","638","44802","234","17074","231","25797","225","9488","85","1807","519","492","78","30","77","42","136","84","0","41","0","4","36218","40543","18984","514","39316","26425","29.7","56.7","Census Tract 77.08, District of Columbia","38.8","35.4","30.4","27.2",,
"77.09","828872","82685","11001007709","1675","889","1049","281","61","130","131","71","193","70","54","56","2","27798","43288","649","55969","313","11788","118","19195","163","7972","98","4583","321","419","123","9","6","66","35","80","43","36","21","0","35982","49325","23409","630","38924","31875","31.5","0","Census Tract 77.09, District of Columbia","55.9","72.4","31.9","29.7",,
"78.03","986677","3755","11001007803","3516","1866","1869","344","239","181","199","197","271","151","178","15","94","31846","58621","1205","74637","494","13471","275","18882","176","9702","162","3827","412","796","116","67","65","101","61","110","85","116","15","60","48571","72508","29084","1073","47516","35528","30.2","12.1","Census Tract 78.03, District of Columbia","52.4","70.4","31.7","30.4",,
"78.04","838428","5705","11001007804","3002","1661","1288","237","68","61","114","63","436","90","73","22","124","55910","67445","1046","66188","151","20290","254","35199","158","9006","130","3910","447","943","139","27","38","114","53","387","66","75","9","35","55944","57935","23011","345","86592","40545","21.6","0","Census Tract 78.04, District of Columbia","27","29.6","24","23",,
"78.06","671434","0","11001007806","2290","1065","1017","39","76","110","273","81","204","105","38","38","53","37697","60560","718","63862","378","16890","210","27755","34","9274","18","2361","279","506","33","0","33","144","44","107","53","15","38","39","49943","68456","27685","511","51369","31375","6.5","0","Census Tract 78.06, District of Columbia","7.9","29.1","14.4","5.5",,
"78.07","522749","0","11001007807","2000","1345","753","63","33","54","104","126","106","161","64","31","11","49514","60394","598","57003","161","13905","191","24195","57","13135","95","2018","209","413","38","11","30","73","65","70","38","58","30","0","48542","60061","24572","340","55768","26936","17.2","0","Census Tract 78.07, District of Columbia","25.8","37.6","17.7","20.7",,
"78.08","936852","7722","11001007808","3306","1836","1497","186","204","178","106","86","189","241","262","20","25","47159","60733","1036","72010","468","14387","371","20442","74","7580","49","4559","462","938","69","141","36","106","50","134","138","227","12","25","63298","71866","24021","559","37099","41861","27.6","0","Census Tract 78.08, District of Columbia","32.3","33.9","34.4","32.6",,
"78.09","535254","0","11001007809","2433","1731","995","185","57","122","69","48","243","152","94","8","17","52592","52271","771","52862","164","11170","235","27280","159","9825","55","476","296","564","111","0","28","23","31","174","87","94","0","16","60455","63292","20902","431","37514","36025","28.4","7.8","Census Tract 78.09, District of Columbia","36.9","56.5","31","29.5",,
"79.01","402041","0","11001007901","3779","2447","1580","157","140","135","85","9","169","407","210","104","164","83279","93710","1085","108926","335","28421","372","28302","198","8848","98","2437","401","918","87","120","38","35","0","74","304","106","49","105","83864","98877","34016","662","79253","52969","26.7","0","Census Tract 79.01, District of Columbia","58.4","86.1","29.4","32.4",,
"79.03","247945","0","11001007903","1652","1071","746","62","9","4","30","56","92","134","188","91","80","98654","113271","596","119795","135","19706","162","47543","33","8773","30","4387","76","441","15","9","2","6","29","31","82","126","65","76","137188","137794","45826","305","77292","67188","5.4","0","Census Tract 79.03, District of Columbia","13.2","7.4","11.4","7.4",,
"80.01","322795","0","11001008001","2571","2148","1376","37","10","26","18","55","65","107","233","331","494","167067","226344","1265","235546","176","13881","214","32142","0",,"0",,"9","819","4","0","0","9","17","19","64","146","143","417","202672","289026","86227","557","129927","102662","0.5","0.6","Census Tract 80.01, District of Columbia","0","0","3.7","0.6",,
"80.02","578961","0","11001008002","2651","2144","1402","66","19","52","28","57","123","117","181","261","498","159022","187986","1190","207915","194","19381","143","42634","66","8745","27","537","100","620","11","0","5","14","13","28","53","48","148","300","197143","259979","78268","782","129345","90042","2.6","0.9","Census Tract 80.02, District of Columbia","14.3","19.3","7.1","3.3",,
"81","290284","0","11001008100","2932","2398","1523","0","0","45","42","19","128","205","371","139","574","145907","187998","1429","181524","159","23602","205","33676","21",,"0",,"0","563","0","0","0","0","10","18","31","55","82","367","250001","268653","86689","960","136556","83346","0","0","Census Tract 81, District of Columbia","0",,"0.4","0",,
"82","338424","0","11001008200","2778","2285","1364","8","6","13","42","52","116","169","303","236","419","142014","186812","1311","171275","140","28969","209","50119","21",,"0",,"0","598","0","0","0","0","0","19","87","110","52","330","204667","252634","82104","766","123502","71141","0","0","Census Tract 82, District of Columbia","0","0","5.1","0",,
"83.01","303973","0","11001008301","2404","1981","1241","45","12","0","31","18","145","98","249","151","492","160970","172260","1094","175750","187","28569","164","48236","11",,"0",,"34","513","0","0","0","0","11","16","19","114","108","245","193125","214304","82457","728","137210","75807","0","0","Census Tract 83.01, District of Columbia","0","0","5.6","0",,
"83.02","260891","0","11001008302","2347","1932","1095","18","0","4","39","31","80","129","159","298","337","158878","177785","991","176241","169","21722","166","61418","0",,"3",,"0","469","0","0","0","0","4","22","28","16","204","195","192411","218476","76328","626","141281","85857","0","0","Census Tract 83.02, District of Columbia","0","0","1","0",,
"84.02","274180","0","11001008402","2129","1681","1154","92","31","82","35","34","177","145","127","130","301","94924","146542","908","173307","175","15583","113","45225","66","9626","13",,"95","311","0","0","0","35","8","5","4","33","38","188","210795","251577","80035","843","107793","84184","0","0","Census Tract 84.02, District of Columbia","0","0","6.8","0",,
"84.10","219939","0","11001008410","1471","1356","669","21","6","8","6","25","78","25","72","132","296","187031","192359","642","185577","54","15693","71","31576","13",,"20","1405","33","328","7","6","0","0","3","27","10","0","45","230","240625","246859","79097","341","138648","80977","4","0","Census Tract 84.10, District of Columbia","50","58.3","4.2","4.4",,
"87.01","382686","0","11001008701","2471","2039","972","10","6","10","16","81","131","149","142","231","196","123370","155048","896","149696","71","16730","132","41606","38","11092","24",,"56","458","0","0","10","17","43","40","42","49","129","128","195162","179560","63712","514","117030","64301","2.2","0","Census Tract 87.01, District of Columbia","6.8","19.2","9.9","8.3",,
"87.02","486411","0","11001008702","3096","2613","1729","75","23","86","109","121","122","539","333","128","193","93174","107124","1584","110656","122","16111","83","29319","69","7730","161","2669","105","428","0","5","24","56","12","8","113","106","29","75","99524","117443","57248","1301","102437","58378","9.6","5.7","Census Tract 87.02, District of Columbia","15.9","21.1","11.1","12.3",,
"88.02","468578","0","11001008802","3822","2847","1623","146","90","73","85","246","290","103","303","108","179","61165","90685","1252","102523","431","10921","211","32125","87","10168","83","3239","238","649","41","13","17","55","116","80","54","126","51","96","85231","105919","38528","974","76969","43293","10.9","4.3","Census Tract 88.02, District of Columbia","24.4","26.8","16.9","13.5",,
"88.03","1168294","0","11001008803","2908","1686","927","96","64","63","89","101","118","140","49","163","44","60819","78471","793","81389","104","11250","79","16491","124","10829","161","1839","230","289","15","36","29","48","41","15","47","15","23","20","48024","69767","28226","638","82018","29688","29.1","11.1","Census Tract 88.03, District of Columbia","44.8","50.7","37.6","36.4",,
"88.04","778052","0","11001008804","2404","1537","1347","131","106","158","124","81","121","397","135","34","60","65486","66917","1012","81775","198","12077","75","16168","100","17350","103","7709","311","390","71","0","14","76","45","34","38","65","18","29","46591","71982","37766","957","63681","56205","27.9","31.8","Census Tract 88.04, District of Columbia","35.2","36.4","22.5","26.1",,
"89.03","305651","0","11001008903","2456","1885","1494","46","52","127","216","195","474","121","210","43","10","68248","65645","1293","64873","85","14414","229","36759","117","9578","113","3785","204","580","0","0","81","147","117","146","12","65","12","0","43935","57671","30659","914","70706","36091","15.5","10","Census Tract 89.03, District of Columbia","27.8","31.6","18.9","22.3",,
"89.04","449343","0","11001008904","3524","2659","1829","268","80","74","204","354","392","175","99","85","98","47694","60957","1525","66580","317","13642","129","19273","158","10351","99","1087","526","828","85","8","49","92","229","97","122","15","79","52","47888","68642","25830","1001","53322","31884","15.3","6.3","Census Tract 89.04, District of Columbia","8.2","0","22.9","19.5",,
"90","1427114","31550","11001009000","3204","1766","2182","271","100","308","59","324","196","193","345","222","164","54111","78319","1381","93090","1082","13716","809","26371","175","5891","30","1780","289","691","13","11","24","0","24","95","54","255","143","72","114342","123789","48939","1491","53694","60639","4.6","0","Census Tract 90, District of Columbia","13.4","12.6","10.3","5",,
"91.02","1816287","0","11001009102","3821","2356","1835","231","146","182","189","230","192","120","195","231","119","43697","77502","1454","84957","512","11450","254","27516","183","9293","107","5154","324","880","108","26","81","48","116","71","111","147","115","57","69821","88300","35118","955","64612","41497","26.4","5.6","Census Tract 91.02, District of Columbia","42.5","66.3","31.8","33.4",,
"92.01","629781","0","11001009201","2762","2076","1104","123","14","42","12","101","180","116","151","177","188","92000","127623","980","125544","110","18365","105","30176","14","5086","13",,"26","425","9","0","0","4","25","29","34","70","103","151","171932","198733","47321","679","83113","46750","2.1","0","Census Tract 92.01, District of Columbia","15.8","31","24.9","1.9",,
"92.03","581087","0","11001009203","2818","2131","1354","69","31","34","69","120","310","158","131","217","215","87598","117760","1245","113462","102","15898","292","19653","58",,"112",,"288","732","18","57","26","0","8","133","116","184","23","167","100192","132092","49965","622","89862","51458","10.2","0","Census Tract 92.03, District of Columbia","19.9","62.7","14.6","17.1",,
"92.04","308465","0","11001009204","2234","1270","1343","206","107","246","79","185","243","175","38","33","31","36132","49534","914","59403","288","9227","158","36458","105","10606","185","5995","370","765","117","51","110","9","116","133","128","37","33","31","45602","61328","22215","578","33100","40046","30.7","31.2","Census Tract 92.04, District of Columbia","30.7","33.2","33.2","33.7",,
"93.01","1109091","0","11001009301","3121","2296","1375","20","30","60","36","41","152","100","255","166","515","149350","174863","1192","178902","290","17239","304","52930","22",,"0",,"80","823","0","15","44","21","2","59","49","98","110","425","202250","205732","66722","552","117859","87862","5.1","4","Census Tract 93.01, District of Columbia","11.2","0","10.1","6",,
"93.02","391905","0","11001009302","1352","1087","701","33","35","52","23","36","133","87","121","66","115","91576","127310","618","131067","117","9999","114","15460","27",,"24",,"24","381","0","0","7","21","28","106","39","40","30","110","92375","167050","53489","320","78725","45734","1.8","0","Census Tract 93.02, District of Columbia","9.1","29.2","12.2","2.6",,
"94","1582882","0","11001009400","4281","3021","1705","139","36","42","70","119","182","164","262","212","479","120824","136566","1356","138647","534","15040","520","37954","95","11021","42",,"127","1087","30","10","9","11","58","70","188","118","156","437","160208","162787","47493","618","78321","56970","4.5","5.4","Census Tract 94, District of Columbia","3.5","8","7.2","3.8",,
"95.03","1423609","0","11001009503","2472","1560","1065","19","0","30","35","38","157","201","257","150","178","106125","143420","815","141398","371","18030","367","60245","44","6539","11",,"50","851","11","0","21","35","27","98","134","247","125","153","112210","154190","51210","214","95184","50491","1.3","1.8","Census Tract 95.03, District of Columbia","0","0","4.6","0.8",,
"95.04","1033168","0","11001009504","2837","1738","1174","81","80","60","93","50","60","118","231","288","113","113958","122075","926","120761","282","11994","227","37960","119","12172","0",,"55","618","13","0","1","21","0","41","73","115","259","95","159583","172373","50651","556","65864","61180","2.1","0","Census Tract 95.04, District of Columbia","7.3","0","11.9","2.2",,
"95.05","1033208","0","11001009505","3305","2388","1479","117","45","43","65","250","177","129","222","107","324","82169","108545","1237","109431","337","17952","364","32666","60","10553","39",,"78","734","0","5","24","0","31","81","20","232","84","257","137105","154371","47825","745","52969","59625","4","5.5","Census Tract 95.05, District of Columbia","1.7","0","7.1","4",,
"95.07","295290","0","11001009507","1490","1007","587","26","45","20","78","31","113","57","118","54","45","72880","102328","428","99772","180","12909","163","80539","0",,"39","5503","77","332","0","20","0","64","19","48","37","59","40","45","85278","128134","37850","255","62583","45625","24.4","46.6","Census Tract 95.07, District of Columbia","10.5","17.8","22.7","21.2",,
"95.08","962212","0","11001009508","3559","1607","1481","152","67","138","133","215","339","65","279","34","59","58250","74515","981","75777","579","16546","420","38350","166","8186","8","3863","278","733","0","41","35","69","59","279","20","148","33","49","68457","89382","30830","748","57954","33175","7.6","0","Census Tract 95.08, District of Columbia","11.7","12","13.2","8.3",,
"95.09","648848","0","11001009509","2705","1683","1246","30","45","27","12","186","278","111","360","123","74","86042","97605","893","103230","308","18594","430","36586","43","11107","67","2806","36","730","0","12","6","0","82","134","20","301","101","74","116364","120848","37712","516","62547","57896","1.6","0","Census Tract 95.09, District of Columbia","4.9","0","2.6","1",,
"95.10","841510","0","11001009510","3626","2401","1650","210","5","216","148","202","332","169","259","26","83","51183","66379","1307","69420","214","12073","277","33118","107","10164","88","4630","431","890","68","0","74","112","130","121","110","193","10","72","53854","79226","23700","760","49509","29113","10.3","0","Census Tract 95.10, District of Columbia","18.1","20.6","11.3","7",,
"95.11","719468","0","11001009511","2156","784","0","0","0","0","0","0","0","0","0","0","0",,,"0",,"0",,"0",,"0",,"0",,"0","0","0","0","0","0","0","0","0","0","0","0",,,"7510","0",,"3274",,,"Census Tract 95.11, District of Columbia",,,"100",,,
"96.01","1905262","189666","11001009601","2016","1140","851","195","88","71","89","81","146","38","65","27","51","33098","61292","528","81182","228","10942","164","24202","189","8542","49",,"275","551","121","70","29","41","82","80","32","35","16","45","35659","68335","22953","300","46684","31099","35.8","0","Census Tract 96.01, District of Columbia","40.9","44.1","25.8","25.6",,
"96.02","1306709","67073","11001009602","2945","1776","1830","487","270","221","209","214","161","137","62","0","69","22813","37725","1087","50269","512","11796","141","23423","276","9914","269","3657","786","898","223","72","132","145","90","60","86","48","0","42","26122","41941","19823","932","33564","32344","36.6","0","Census Tract 96.02, District of Columbia","41.1","49","36.9","35.8",,
"96.03","607400","0","11001009603","3546","2067","1721","226","157","155","121","270","388","173","109","38","84","49054","61053","1207","62417","548","10809","400","25627","252","9153","64","2086","426","904","58","24","44","48","264","213","22","109","38","84","53534","82259","26372","817","33560","29323","12.1","0","Census Tract 96.03, District of Columbia","28","31.5","19.3","15.4",,
"96.04","503381","65762","11001009604","1870","1357","833","69","36","34","43","126","140","121","147","84","33","72872","79010","639","80046","259","12954","277","35853","10",,"76","2929","136","441","32","0","12","10","57","83","81","85","59","22","84464","89780","30003","392","65280","41618","7.3","0","Census Tract 96.04, District of Columbia","13.4","10.3","8.7","5.9",,
"97","403051","3427","11001009700","2494","1570","1636","129","111","490","38","99","134","53","484","21","77",,"68952","1054","95025","552","14608","221","13142","84","10220","118","2336","364","489","93","0","81","3","10","86","45","110","14","47","72773","80208","36095","1147","56557","52667","31.9","0","Census Tract 97, District of Columbia","42.7","56.6","21.9","27.8",,
"98.01","431384","7884","11001009801","1599","650","1012","189","348","138","104","78","89","49","13","4","0","13510","24991","429","37560","558","10263","120","10038","158","9002","99","3685","530","304","33","73","47","45","7","61","21","13","4","0","24688","36245","13371","708","20158","26757","40.8","0","Census Tract 98.01, District of Columbia","47.7","55.5","52.6","51.5",,
"98.02","200745","0","11001009802","1587","606","933","194","58","66","56","45","95","167","245","7","0","54432","56241","632","62059","310","19514","109","41516","63","9681","58","4755","544","593","92","13","18","12","38","44","139","230","7","0","86396","70508","15621","340","30461",,"21.8","0","Census Tract 98.02, District of Columbia","27.8","23.6","37.7","38.2",,
"98.03","531060","3756","11001009803","2442","1461","1358","476","102","79","70","182","215","98","97","25","14","29000","60081","786","54530","347","11116","175","86664","292","8087","112","3884","380","586","107","11","10","35","81","204","86","42","10","0","53182","55373","26370","772","59584","31432","20.1","0","Census Tract 98.03, District of Columbia","31.2","47.9","35.1","26",,
"98.04","518363","5609","11001009804","1944","1338","950","88","57","81","111","254","194","79","47","18","21","43017","50973","725","54893","194","11094","137","27729","97","9140","158","5969","308","517","6","36","27","70","195","83","47","28","18","7","43244","54328","20419","433","45572","20982","17","0","Census Tract 98.04, District of Columbia","14","13.5","19.8","16.6",,
"98.07","1037012","0","11001009807","2794","1698","1546","166","153","37","272","138","200","163","264","58","95","55000","91232","1230","92268","358","11739","436","29879","443","13725","61",,"512","793","85","48","5","15","86","117","91","246","45","55","89042","101090","37981","753","79531","34221","16.8","9.9","Census Tract 98.07, District of Columbia","28.6","49.5","18.8","16.3",,
"98.10","398419","14058","11001009810","2236","1602","1335","161","85","113","147","499","219","38","73","0","0","47630","43556","1113","47544","189","7630","145","15457","109","7325","32","2906","394","426","67","29","0","45","138","121","12","14","0","0","43167","40994","21855","909","44247","38565","22.5","37.8","Census Tract 98.10, District of Columbia","24.6","27.2","21.8","20.5",,
"98.11","467511","0","11001009811","3045","1969","1694","258","80","176","382","363","163","151","54","7","60","34275","61365","1393","55470","318","11553","356","20808","201","7676","167","2399","737","808","104","36","116","195","53","133","90","54","7","20","33848","48260","26401","886","71178","26717","32.4","0","Census Tract 98.11, District of Columbia","47.6","56","33.8","35.8",,
"99.01","2102150","0","11001009901","2233","1221","925","32","39","88","79","24","104","65","199","197","98","104816","115659","598","111611","411","18161","489","51997","89","8527","40",,"135","575","0","0","11","49","16","60","38","165","158","78","122344","139493","50075","350","69433","54152","0","0","Census Tract 99.01, District of Columbia","0","0","5.8","0",,
"99.02","1294556","0","11001009902","2929","2074","1242","72","64","87","76","79","160","195","386","67","56","87401","93645","1031","87164","309","15769","297","66911","86","9131","15",,"203","791","0","22","14","0","96","93","152","321","64","29","101445","102233","36927","451","68469","43507","4.6","4.7","Census Tract 99.02, District of Columbia","3.3","6.3","13.9","6.7",,
"99.03","383679","0","11001009903","2069","1544","623","27","14","44","57","146","69","23","111","62","70","61172","91517","557","91270","141","12443","79","30746","10",,"120","4069","131","452","10","0","25","47","77","44","34","113","55","47","96481","101473","26452","171","43392","31743","7.7","0","Census Tract 99.03, District of Columbia","8.9","15","10","6.7",,
"99.04","426198","0","11001009904","2043","1496","1089","195","68","75","63","175","93","137","140","19","124","48125","73873","875","85244","125","11248","160","19401","102","10052","85","2320","262","626","69","13","45","27","134","82","97","41","60","58","59643","80538","24989","463","50435","40765","23","8.7","Census Tract 99.04, District of Columbia","31.7","42.7","31.6","28.5",,
"99.05","431558","0","11001009905","2095","1240","1150","217","91","167","41","58","239","161","87","39","50","50037","73065","796","88499","200","14415","218","28701","160","9112","128","2498","322","594","132","44","67","11","48","85","92","53","39","23","45938","77911","31743","556","66662","40611","39.2","13.6","Census Tract 99.05, District of Columbia","50.1","62.3","37","40.7",,
"99.06","252684","0","11001009906","1565","740","849","73","94","162","80","91","217","46","32","34","20","36938","50459","478","59273","367","19816","233","23472","59","9368","18","2550","295","351","28","9","34","62","30","140","17","13","3","15","50868","57705","27314","498","44170","31808","12.8","3.2","Census Tract 99.06, District of Columbia","28.5","33.3","20.6","13.6",,
"99.07","466954","0","11001009907","2185","1589","990","138","25","144","184","93","185","123","20","67","11","37000","52693","742","56675","208","14648","100","54984","74","7841","97","1397","426","599","104","2","107","203","15","32","65","20","40","11","32431","50486","26924","391","51056","38066","29.2","0","Census Tract 99.07, District of Columbia","39","63.8","29.8","33.4",,
"101","579230","0","11001010100","2714","2197","1709","114","35","62","58","118","225","162","298","166","471","120483","150416","1495","159194","191","20601","200","31994","28",,"3",,"18","496","32","0","23","0","0","49","12","44","17","319","216250","220465","94814","1213","121772","95448","7.5","5.8","Census Tract 101, District of Columbia","19.7","0","11.1","8.1",,
"102.01","174884","0","11001010201","2158","1750","1556","34","80","54","44","134","196","323","307","109","275","85648","112417","1262","122834","134","14308","234","57276","17",,"0",,"38","256","10","0","0","0","9","48","29","0","33","127","169875","155032","77094","1300","103690","83068","3.9","3.9","Census Tract 102.01, District of Columbia",,,"5.2","2.4",,
"102.02","1069479","136323","11001010202","1445","1063","870","17","2","127","34","5","138","110","178","82","177","100333","145299","640","137160","249","17580","246","54116","0",,"111",,"111","291","9","0","127","0","0","0","13","17","22","103",,"137102","79970","579","145802","71542","3.1","0","Census Tract 102.02, District of Columbia","7.1","0","6","3.4",,
"103","1084591","0","11001010300","3675","2794","1374","71","32","77","183","76","100","174","216","191","254","95313","119091","1220","120809","244","16033","220","36898","0",,"58","1883","95","788","41","14","30","34","10","81","89","201","113","175","118804","136254","46608","586","81346","50759","10.8","2.9","Census Tract 103, District of Columbia","31.6","60.8","11.3","10.3",,
"104","2602393","7006","11001010400","3974","2789","2168","240","127","95","149","282","136","421","98","386","234","80474","89398","1770","94582","347","10863","174","45030","164","11940","297","2199","582","773","100","0","52","115","125","95","162","38","76","10","49556","66843","41017","1395","99403","43819","12.9","6.5","Census Tract 104, District of Columbia","23","30.1","24.3","15.5",,
"105","749891","0","11001010500","3577","2841","2153","202","115","45","64","181","338","169","363","299","377","92083","111009","1786","125183","432","11679","249","20950","75","7957","32",,"132","619","18","0","41","38","21","26","26","93","59","297","181635","164225","63984","1534","88899","77257","12.4","0","Census Tract 105, District of Columbia","57.9","14.6","20.1","21.6",,
"106.01","224811","0","11001010601","1746","1488","1044","146","0","87","0","28","84","223","352","55","69","95758","94870","969","100598","43",,"10",,"49",,"0",,"71","271","0","0","75","0","22","21","0","82","31","40","120795","114054","55270","773","88145","69333","5.5","7.9","Census Tract 106.01, District of Columbia","0","0","14.1","3.7",,
"106.02","542509","0","11001010602","4738","3803","2282","47","77","45","112","105","209","160","357","512","658","150614","170125","2083","173974","216","15214","191","27113","41",,"48",,"85","946","0","48","0","0","80","21","90","83","225","399","167115","208763","77946","1336","139986","82800","5.1","5.7","Census Tract 106.02, District of Columbia","0","0","12.1","12.4",,
"106.03","464270","0","11001010603","1863","1724","1038","27","43","8","8","8","80","218","367","93","186","117945","127947","987","125545","60","10940","80","82258","30",,"0",,"1","119","1","0","0","0","0","0","15","0","0","103","236645","242441","76780","919","113122","61075","0.8","0","Census Tract 106.03, District of Columbia","100","100","6.1","0.8",,
"107","891588","0","11001010700","1751","1347","1205","117","17","17","65","103","109","200","190","323","64","89570","114861","1102","115974","93","23288","79","74687","38",,"8",,"8","147","0","0","11","17","0","27","28","35","15","14","89152","118503","79426","1058","114355","68750","0","0","Census Tract 107, District of Columbia","0",,"13.7","0",,
"108","661580","0","11001010800","6330","2254","741","177","47","35","122","44","118","35","46","53","64","32466","68792","592","73105","19",,"56","78766","19",,"0",,"26","67","0","0","7","0","6","12","0","14","0","28",,"193388","11801","674","56406","3675","10.4","11.5","Census Tract 108, District of Columbia","0",,"47","8.7",,
"109","2381015","2933566","11001010900","2522","1629","1146","183","100","171","46","196","136","100","152","36","26","39298","54270","880","58596","322","6063","162","31666","289","9186","76","4525","562","562","41","17","122","22","125","59","37","77","36","26","44135","66037","23846","584","37967","32416","21.7","12.2","Census Tract 109, District of Columbia","28","50","28.9","19.6",,
"110.01","152450","0","11001011001","2310","1811","1395","94","36","0","91","208","144","69","377","239","137","115114","105486","1088","115568","285","17620","328","31930","28",,"0",,"45","455","0","0","0","28","0","10","0","224","67","126","126729","156560","65552","940","80764","64609","0","0","Census Tract 110.01, District of Columbia","0","0","4.8","0",,
"110.02","498122","367023","11001011002","1760","1204","1205","119","18","32","87","29","207","92","250","103","268","105182","128760","865","115270","358","22730","298","75275","0",,"0",,"18","310","0","0","0","0","14","0","30","73","31","162","228594","238456","91006","895","90765","70196","0","0","Census Tract 110.02, District of Columbia",,,"7","0",,
"111","5718693","366232","11001011100","4438","2483","1647","142","290","91","92","123","153","184","240","110","222","63625","91907","1169","104716","683","10523","506","30293","169","7442","79","1391","421","807","47","7","58","14","92","45","117","156","83","188","101679","132669","33753","840","51073","42714","7.4","2.5","Census Tract 111, District of Columbia","18.5","18.2","17.6","4.7",,
"9800","6514228","4996439","11001980000","13","13","3","0","0","0","0","0","0","0","0","3","0",,,"3",,"0",,"0",,"0",,"0",,"0","3","0","0","0","0","0","0","0","0","3","0",,,,"0",,,"0","0","Census Tract 9800, District of Columbia",,,"0","0",,
